"id","cat_name","description","date_begin","date_end","creator","date_created","inherit_from","alternative_name","last_update"
156,Calcaire à glaçure alcaline / Raqqa,Céramiques produites dans les ateliers abbassides de Raqqa. Pâte calcaire de couleur beige en surface et souvent rose ou orange clair au cœur. Glaçure alcaline de diverses teintes. Ces vases sont décorés à l'aide d'une grande variété de traitements de surface.,780,899,5,2023-01-24 16:45:57.113,135,NULL,2024-02-28 10:06:53.384
261,Architecturale sans revêtement / Alger,NULL,1700,1800,5,2024-03-06 10:42:12.922,168,NULL,2024-03-06 10:42:12.922
267,Architecturale en pâtes artificielles,NULL,NULL,NULL,5,2024-03-13 10:26:35.862,140,NULL,2024-03-13 10:26:35.862
293,Kaolinitique réductrice,Productions en argiles kaolinitiques cuites en atmosphère réductrice.,600,1299,4,2024-06-26 09:41:47.558,96,Grise kaolinitique,2024-06-26 09:41:47.558
209,Incisées monochromes / Nicée-Iznik,"Céramiques à pâte orange, parfois rouge brique, fine et dure, couverte d'un engobe blanchâtre ou rosé, au décor incisé sous une glaçure plombifère très brillante de couleur caramel, jaune pâle ou verte. Il s'agit d'une production d'Iznik/Nicée comme l'ont montré de récentes analyses de pâtes et quelques biscuits.",1200,1331,5,2023-08-03 14:55:32.025,191,NULL,2024-02-28 10:06:53.384
31,Kaolinitiques glaçurées sur engobe / Saint-Quentin-la-Poterie,NULL,1700,1800,1,2021-07-29 09:15:19.268,141,NULL,2024-02-28 10:06:53.384
308,"Architecturale sans revêtement / Provence, Languedoc",NULL,1250,1950,4,2025-02-07 20:46:15.469,168,NULL,2025-02-07 20:46:15.469
131,Moulée glaçurée / Raqqa,"Céramique à pâte calcaire contenant de petites inclusions rouges et noires, moulée. Un émail peut être appliqué à l'intérieur comme à l'extérieur ; il peut être remplacé à l'intérieur par une glaçure alcaline ou l'objet peut être entièrement couvert d'une glaçure alcaline.",780,899,5,2022-11-04 15:12:33.017,136,NULL,2024-02-28 10:06:53.384
294,Calcaire oxydante peinte au pigment / Languedoc,Céramique à pâte beige peinte en pigment rouge,NULL,NULL,4,2024-07-03 14:39:06.736,23,Oxydante peinte,2024-07-03 14:39:06.736
4,"Emaillée, décor vert et brun / Provence, Languedoc",NULL,1200,1325,1,2021-07-28 10:24:38.790,3,NULL,2024-02-28 10:06:53.384
128,"Glaçure monochrome / Syrie, Egypte","Céramique à pâte artificielle (dite siliceuse)  de couleur blanche, beige ou rose, couverte d'une glaçure alcaline, incolore ou colorée, produite en Syrie et en Égypte.",900,1199,5,2022-10-28 09:32:18.232,129,NULL,2024-02-28 10:06:53.384
299,Architecturale en pâte artificielle d'époque industrielle,"Céramique architecturale, notamment des carreaux de faïence fine, monochromes ou à décor de transfert, rarement peint, produite par des faïencerie industrielles dès le début du XIXe siècle.",1800,1900,4,2024-11-10 00:39:53.003,267,NULL,2024-11-10 00:39:53.003
285,"Calcaire oxydante / Provence, Languedoc","Formes en argile calcaire tournées et cuite en atmosphère oxydante. Dès le XIIIe et jusqu'au XVe siècles, des ateliers du Languedoc pratiquent indifféremment la cuisson oxydante ou réductrice pour les même formes.",1200,1500,4,2024-06-25 13:49:40.897,23,NULL,2024-06-25 13:49:40.897
168,Architecturale sans revêtement vitreux,"Regroupement des éléments architecturaux sans revêtement qu'il est difficile d’associer à des productions identifiées compte tenu de la variabilité de la composition des argiles moins épurées. En revanche, ils sont rattachés à des ateliers lorsqu'ils font partie de leur production ou portent leurs marques.",700,1950,4,2023-02-16 17:47:00.143,137,NULL,2024-02-28 10:06:53.384
217,Incisées et peintes / Aphrodisias,NULL,NULL,NULL,5,2023-08-14 18:48:11.734,216,NULL,2024-02-28 10:06:53.384
23,Calcaire oxydante sans revêtement vitreux,NULL,700,1899,1,2021-07-29 08:39:14.576,286,NULL,2024-02-28 10:06:53.384
216,Incisées et peintes / Anatolie turcomane,"Céramiques à pâte rouge couverte d'un engobe argileux avec un décor incisé rehaussé de points et de coulures de glaçures pourpre, verte ou brune. Glaçure plombifère très brillante. Production attribuée aux ateliers des Emirats (beylik), turcomans, notamment Iznik,  Ephèse, Milet, Pergame, Aphrodisias.",1350,1425,5,2023-08-11 18:47:51.269,173,NULL,2024-02-28 10:06:53.384
190,Peintes à l'engobe / Empire byzantin,NULL,NULL,NULL,5,2023-06-20 09:45:34.597,142,NULL,2024-02-28 10:06:53.384
154,Céladon,NULL,NULL,NULL,4,2023-01-23 14:49:30.671,140,NULL,2024-02-28 10:06:53.384
215,Glaçurées sur engobe / Nicée-Iznik,NULL,1200,1299,5,2023-08-08 15:25:03.631,268,NULL,2024-02-28 10:06:53.384
271,Décors d'engobe / Crimée,"Céramique de table, principalement des formes ouvertes, en pâte rouge et à décor peint en engobe blanc sous glaçure transparente monochrome.",1320,1400,11,2024-03-15 17:52:43.242,142,NULL,2024-03-15 17:52:43.242
173,Incisées ou incisées et peintes sur engobe / Méditerranée orientale,NULL,NULL,NULL,5,2023-02-23 15:55:38.365,90,NULL,2024-02-28 10:06:53.384
268,Glaçurées sur engobe / Méditerranée orientale,NULL,NULL,NULL,5,2024-03-14 08:23:06.811,132,NULL,2024-03-14 08:23:06.811
32,Kaolinitiques glaçurées sur engobe / Dieulefit,NULL,1800,1925,1,2021-07-29 09:20:17.926,141,NULL,2024-02-28 10:06:53.384
244,Architecturale en pâte artificielle / Iznik,NULL,1550,1740,5,2024-02-20 17:06:18.190,267,NULL,2024-02-28 10:06:53.384
76,Kaolinitique glaçurée,NULL,1250,1900,4,2021-12-30 23:40:01.024,135,NULL,2024-02-28 10:06:53.384
71,Glaçurées sur engobe / Chypre,Céramique à pâte calcaire engobée et glaçurée au plomb. Cette catégorie ne peut être attribuée avec assurance aux ateliers chypriotes connus. Une partie pourrait avoir été fabriquée à Nicosie.,1200,1399,5,2021-11-22 16:52:59.965,268,NULL,2024-02-28 10:06:53.384
210,Peintes à l'engobe / Nicée-Iznik,"Céramiques à pâte rouge, fine et dure, peinte à l'engobe sous des glaçures plombifères vert pistache, orange ou jaune d'or.  Production byzantine d'Iznik/Nicée",1200,1299,5,2023-08-07 16:32:13.159,190,NULL,2024-02-28 10:06:53.384
38,"Glaçurée / Sud de l'Itale, Sicile, Maghreb","Céramique à pâtes calcaires claires ou rouges incrustées d'inclusions jaunâtre, à glaçure verte parfois laiteuse. Les formes principales sont des coupes à marli ou formes à liquides. Leur provenance supposée par les analyses pétrographiques est le Sud de l'Italie et Sicile ou le Maghreb.",1100,1325,4,2021-09-23 15:17:39.011,135,NULL,2024-02-28 10:06:53.384
235,Peinte avec des glaçures colorées,NULL,NULL,NULL,4,2024-02-20 10:44:15.217,135,NULL,2024-02-28 10:06:53.384
29,Culinaire / Catalogne,NULL,1500,1650,1,2021-07-29 08:57:51.874,236,Rouge d'Espagne,2024-02-28 10:06:53.384
61,Calcaire glaçurée / Famagouste,Glaçure plombifère appliquée directement sur la pâte calcaire.,1470,1560,5,2021-10-28 11:37:46.555,238,NULL,2024-02-28 10:06:53.384
5,"Emaillée, décor vert et brun / Catalogne",NULL,1250,1400,1,2021-07-28 10:41:59.273,3,NULL,2024-02-28 10:06:53.384
40,"Emaillée, décor bleu et brun / Maghreb","Formes ouvertes en pâte granuleuse jaunâtre, à décor peint en bleu de cobalt et brun de manganèse.
https://books.openedition.org/pccj/3623?lang=fr",1200,1300,4,2021-09-23 15:54:32.096,249,NULL,2024-02-28 10:06:53.384
221,Sans revêtement peinte à l'engobe,NULL,NULL,NULL,5,2023-08-18 10:35:08.893,286,NULL,2024-02-28 10:06:53.384
36,"Emaillée, décor bleu et brun / Italie du Nord",Formes en pâte calcaire avec un revêtement d'émail blanc et décor en brun et bleu. Production donnée à la Toscane.,1250,1350,4,2021-09-17 13:50:19.255,249,NULL,2024-02-28 10:06:53.384
249,"Emaillées, décors bleu et brun",NULL,1250,1350,4,2024-02-21 14:45:48.806,3,NULL,2024-02-28 10:06:53.384
12,Emaillée / Italie,NULL,1500,1800,1,2021-07-28 15:46:35.061,10,Faïence italienne,2024-02-28 10:06:53.384
14,"Emaillée, décor bleu ou polychrome ou au lustre / Catalogne",NULL,1600,1700,1,2021-07-28 16:12:22.129,251,faïence de Barcelone,2024-02-28 10:06:53.384
178,Incisées et peintes / Chypre,"Céramiques à pâte argileuse produites à Paphos, Nicosie et Lapithos ainsi que dans un autre atelier dont la production est caractérisée par une pâte calcaire orange, fine et très dure, un engobe blanc parfois associé  à un engobe rouge. Le décor incisé est rehaussé de glaçures vertes et jaune d'ocre. La glaçure plombifère incolore est très brillante.

",1200,1499,5,2023-02-24 17:25:47.849,173,NULL,2024-02-28 10:06:53.384
262,Architecturale glaçurée / Alger,NULL,1700,1800,5,2024-03-06 11:06:06.324,164,NULL,2024-03-06 11:06:06.324
256,Peintes / Chypre,NULL,NULL,NULL,5,2024-02-26 10:43:46.359,139,NULL,2024-02-28 10:06:53.384
140,Catégories en pâtes artificielles,Regroupement des catégories façonnées dans des pâtes de composition artificielle et qui ne correspondent à aucune réalité géologique. Sont incluses les productions de fritware et de porcelaine,NULL,NULL,4,2022-11-21 00:04:19.985,NULL,NULL,2024-02-28 10:06:53.384
92,"A taches de glaçure et/ou engobe, Provence, XVIIIe","Céramique en pâte calcaires ou non-calcaires, engobée et glaçurée, rehaussée de taches ou coulures d'engobe contrasté et/ou de glaçure. En Provence, il s'agit des décors simplifiés et dérivés des décors plus soignés peints, parfois incisés du XVIIe siècle",1700,1900,4,2022-02-15 23:31:51.779,139,NULL,2024-02-28 10:06:53.384
134,Incisées et peintes en vert et brun ,Ces céramiques se caractérisent par un décor incisé et peint en vert et brun sur un engobe clair. La glaçure plombifère est incolore. Catégorie constitutive de l'Aegean Ware,1150,1275,4,2022-11-17 17:53:24.565,192,NULL,2024-02-28 10:06:53.384
109,Oxydante à polissage ou lissée,"Céramique en pâtes généralement non-calcaires, sableuses, à cuisson oxydante et surfaces à lissage intégrale ou polissage structuré.",700,1250,4,2022-08-24 16:41:11.831,286,NULL,2024-02-28 10:06:53.384
287,Cuisson réductrice,"Argiles cuites en atmosphère réductrice. En absence de revêtement, la caractéristique la plus discriminatoire pour le regroupement des catégories reste la couleur des argiles et donc, leur atmosphère de cuisson.",NULL,NULL,4,2024-06-25 14:42:01.001,137,NULL,2024-06-25 14:42:01.001
69,Peintes / Empire ottoman,Céramique engobée peinte à l'aide de glaçures colorées ; glaçure plombifère incolore. Ateliers non identifiés dans l'Empire ottoman.,1500,1800,5,2021-11-22 15:38:45.089,139,NULL,2024-02-28 10:06:53.384
26,Calcaire réductrice moderne / Languedoc,NULL,1400,1600,1,2021-07-29 08:44:21.900,287,NULL,2024-02-28 10:06:53.384
75,Kaolinitique oxydante sans revêtement,"formes associées au type d'Uzège, sans revêtement vitreux",1250,1500,4,2021-12-30 17:31:19.689,1,NULL,2024-02-28 10:06:53.384
269,Architecturale à revêtement opaque / Naples,NULL,NULL,NULL,5,2024-03-14 08:48:59.514,146,NULL,2024-03-14 08:48:59.514
184,Céramique à décor de lustre métallique,"Regroupement des catégories en pâtes argileuses qui utilisent des lustres métalliques comme technique décorative, associés parfois à des glaçures trasparentes colorées sur une glaçure opacifiée souvent à base d'étain.",NULL,NULL,4,2023-03-22 13:38:55.101,144,NULL,2024-02-28 10:06:53.384
283,Terres mêlées et glaçurées,Céramique souvent moulée à partir d'une préparation d'argiles de nuances différentes. Le pétrissage de ce mélange assure un effet marbré de la pâte ainsi obtenue. Ces marbrures sont généralement plus fines que lorsque le même effet est obtenu par mélange d'engobes. Une glaçure transparente recouvre habituellement les objets.,1700,1900,4,2024-06-12 11:00:07.506,135,"Terre jaspée, Terre marbrée",2024-06-12 11:00:07.506
159,Céramique à glaçure alcalino-plombifère turquoise / Raqqa,"Formes fermées tournées en pâte calcaire beige avec de petites inclusions noires. Une glaçure alcalino-plombifère, translucide ou parfois légèrement opacifiée, est de couleur verte ou bleu turquoise. Elle est souvent très épaisse. Production dite de tradition sassanide. ",780,899,5,2023-01-31 15:07:00.306,136,NULL,2024-02-28 10:06:53.384
60,Glaçurées sur engobe / Lapithos,"Céramique à pâte fine de couleur chamois, sur une fine couche d'engobe blanc, glaçure plombifère jaune pâle ou vert émeraude.",1600,1630,5,2021-10-28 11:34:40.169,71,NULL,2024-02-28 10:06:53.384
238,Calcaire à glaçure plombifère,NULL,NULL,NULL,4,2024-02-20 14:34:54.103,135,NULL,2024-02-28 10:06:53.384
277,Peinte au manganèse / Imitations d'Albisola,"Pour imiter les importations d'Albisola, à succès au XVIIIe siècle, de nombreux ateliers en Méditerranée, notamment provençaux, fabriquent des formes ouvertes, généralement des assiettes, bols ou plats, façonnés en argile rouge, recouverts de glaçure plus ou moins foncée et peints de taches ou de bandes de manganèse.",1700,1800,4,2024-03-21 16:12:30.509,235,Imitation d'Albisola,2024-03-21 16:12:30.509
116,Incisées monochromes / Beyrouth,"Céramique à pâte argileuse, rouge ou orange clair, fine et dure contenant des inclusions blanches, noires et de la chamotte. Décor incisé et glaçure au plomb. Catégorie produite à Beyrouth.",1100,1199,5,2022-09-13 11:08:10.441,173,NULL,2024-02-28 10:06:53.384
3,Emaillée médiévale,"Productions à revêtement d'émail stannifère, souvent décorées en vert et brun. Ce revêtement peut être posé sur les parties exposés des formes en complément de glaçure plombifère. Des revêtements monochromes, rares, sont parfois apposés sur des exemples tardifs. Les argiles sont généralement calcaires ou riche en fer, non-calcaires. ",1200,1500,1,2021-07-28 10:21:05.799,144,Vert et brun ; Majolique ; Faïence stannifère médiévale,2024-02-28 10:06:53.384
88,Sableuse oxydante / Montpellier,Formes tournées en pâtes plus ou moins sableuses cuites en atmosphère oxydante. Elles peuvent être glaçurées ou sans revêtement. Ces formes sont principalement culinaires.,1400,1600,4,2022-02-11 17:10:11.488,93,Rouge sableuse ,2024-02-28 10:06:53.384
10,Emaillée moderne,"Regroupement des faïences modernes en pâte beige, rose ou rouge couverte d'un émail stannifère épais, opaque, teinté ou blanc, souvent à décor peint polychrome.",1550,1800,1,2021-07-28 14:25:25.578,144,Faïence argileuse moderne ; Faïence  stannifère moderne,2024-02-28 10:06:53.384
24,"Calcaire à glaçure plombifère  / Provence, Languedoc","Céramique en pâte calcaire et revêtement, parfois partiel, de glaçure plombifère monochrome.",1300,1900,1,2021-07-29 08:40:26.860,238,NULL,2024-02-28 10:06:53.384
218,Incisées et peintes / Anatolie seldjoukide,"Céramique à pâte rouge, engobée, au décor incisé et rehaussé de pigments colorés verts, jaune d'ocre et/ou violets de manganèse. La glaçure plombifère est incolore. Ces céramiques vraisemblablement produites à la fin  de l'époque seldjoukide sont souvent difficiles à distinguer des premières productions des émirats turcomans à partir du XIVe siècle.",1200,1308,5,2023-08-15 15:14:39.203,173,NULL,2024-02-28 10:06:53.384
289,Sableuse glaçurée sur engobe / Languedoc,"Formes en argile rouge riche en quartz, tournées et glaçurées. La présence d'engobe sous la glaçure est possible.",1450,1550,4,2024-06-25 16:50:19.204,280,NULL,2024-06-25 16:50:19.204
297,Architecturale glaçurée / Provence,Regroupement des formes de céramique architecturale glaçurées produites dans la zone de la Provence,1350,1900,4,2024-11-09 23:03:14.497,164,NULL,2024-11-09 23:03:14.497
309,"Incisée monochrome / Provence, Languedoc",NULL,1575,1900,4,2025-02-17 20:41:22.945,176,NULL,2025-02-17 20:41:22.945
245,Culinaire / Syrie,NULL,NULL,NULL,5,2024-02-20 17:11:08.939,236,NULL,2024-02-28 10:06:53.384
64,Culinaire modelée glaçurée / Chypre,NULL,1180,1699,5,2021-10-28 13:27:14.867,236,NULL,2024-02-28 10:06:53.384
6,"Emaillée, décor vert et brun / Pise",NULL,1200,1400,1,2021-07-28 11:19:51.077,3,Faïence Vert et Brun pisano-ligure,2024-02-28 10:06:53.384
250,"Emaillée, décor bleu et brun ou polychrome / Italie du Sud, Sicile",NULL,NULL,NULL,4,2024-02-21 14:49:39.700,249,NULL,2024-02-28 10:06:53.384
298,Architecturale à revêtement opaque / Provence,Regroupement des formes de céramique architecturale émaillées produites dans la zone de la Provence,1350,1900,4,2024-11-09 23:06:32.500,146,NULL,2024-11-09 23:06:32.500
94,Kaolinitique blanche glaçurée,"Vaisselle réfractaire en pâtes kaolinitiques  blanches, plus ou moins granuleuses, glaçurées, essentiellement des marmites et des pots, plus rarement des jattes et des cruches. Dans l'héritage du type de l'Uzège, ces productions sont caractéristiques pour les contextes du XVIe siècle, particulièrement dans la région de Vaucluse.",1400,1700,4,2022-02-23 20:06:20.874,76,Kaolinitique claire glaçurée,2024-02-28 10:06:53.384
239,Calcaire à glaçure plombifère / Alger,NULL,NULL,NULL,4,2024-02-20 14:40:58.228,238,NULL,2024-02-28 10:06:53.384
183,Glaçurés jaspées / Raqqa,"Céramique à pâte calcaire, engobée, décorée de coulures peintes en brun, vert, jaune, ocre-jaune fusant dans une glaçure plombifère transparente et très brillante.",780,1099,5,2023-03-16 09:08:58.078,139,NULL,2024-02-28 10:06:53.384
108,Peinte en vert et brun / Nicosie,"Céramique à pâte calcaire, claire, aux formes lourdes, peinte en vert ou en vert et brun sous une glaçure plombifère incolore dans le style des faïences vert et brun de Nicosie. ",1230,1299,5,2022-08-21 16:54:14.454,235,NULL,2024-02-28 10:06:53.384
74,Culinaire du Sud-Ouest,"Formes essentiellement culinaires, en pâte rouge à structure grossière, produites dans la région de Cox-Lomagne.",1600,1900,4,2021-12-09 17:21:51.562,286,Culinaire de Cox,2024-02-28 10:06:53.384
150,Porcelaine européenne,"Productions pré-industrielles en pâtes vitrifiées, composées de kaolin, silice et fondant. Les formes peuvent être ornées de décors polychromes ou dorés, réalisés selon différentes techniques.",NULL,NULL,4,2023-01-23 14:38:24.379,140,NULL,2024-02-28 10:06:53.384
105,Incisées et peintes / Paphos,"Céramique à pâte rouge, engobée en blanc et glaçurée au plomb. Décor incisé rehaussé de coulures de glaçures vertes et ocre-jaune. Production de Paphos du milieu XIIIe à la fin du XIVe siècle.",1250,1399,5,2022-08-19 10:26:48.497,178,NULL,2024-02-28 10:06:53.384
59,Peintes en vert / Lapithos,"Céramique à pâte fine de couleur chamois, engobée en blanc, beige rosé ou beige et peinte en vert sous une glaçure plombifère incolore appliquée en jus pauvre.",1550,1630,5,2021-10-28 11:31:51.026,256,NULL,2024-02-28 10:06:53.384
219,Peintes à l'engobe / Aphrodisias,"Céramique à pâte orange à rouge vif, contenant des inclusions de mica et parfois de calcaires, ornée d'un décor rudimentaire de taches ou d'épaisses coulures peintes à l'engobe sous une glaçure plombifère brillante, vert clair, ver émeraude ou jaune d'or.",1400,1540,5,2023-08-17 14:39:12.717,142,NULL,2024-02-28 10:06:53.384
83,Calcaire oxydante sans revêtement / Nicosie,"Céramique à pâte calcaire, orange clair ou beige, parfois à décor peigné, produite à Nicosie, probablement à proximité de l'archevêché orthodoxe.",1200,1899,5,2022-01-25 15:11:20.468,23,NULL,2024-02-28 10:06:53.384
273,À taches de manganèse / Crimée,"Céramique de table en pâte rouge, recouverte d'engobe, de glaçure transparente géneralement jaune, parfois verdâtre et de teches violacées de manganèse.",1330,1370,11,2024-03-15 18:24:30.135,139,NULL,2024-03-15 18:24:30.135
72,Emaillée monochrome / Nicosie,Production de Nicosie à pâte calcaire datée des XIIIe et XIVe siècles. Email de mauvaise qualité qui part en plaque.,1230,1399,5,2021-11-24 15:17:37.083,3,NULL,2024-02-28 10:06:53.384
272,Glaçurée sur engobe à depressions / Crimée,"Des formes ouvertes pour le service de table, en pâte rouge, engobées et couvertes de glaçure transparente monochrome. La paroi et/ou le bord reçoivent des alignements de dépressions faites au doigt ou avec un instrument.",1350,1400,11,2024-03-15 18:08:59.071,275,NULL,2024-03-15 18:08:59.071
107,"Emaillée, décor vert et brun / Nicosie","Céramiques grossièrement tournées, émaillées sur pâte calcaire claire, ornées de coulures ou de motifs géométriques grossièrement peints en vert et brun. Email appliqué en couche fine. Bases annulaires à disque interne.",1230,1299,5,2022-08-21 15:57:47.642,3,NULL,2024-02-28 10:06:53.384
135,Catégories à glaçures transparentes,"Regroupement de catégories à revêtement de glaçure transparente posé directement sur la pâte, sans présence d'engobe. Les glaçures peuvent être monochromes ou polychromes, colorées aux oxydes métalliques.",NULL,NULL,4,2022-11-20 20:02:57.885,NULL,NULL,2024-02-28 10:06:53.384
225,Glaçures turquoises alcalino-plombifères / Anatolie,"Céramique en argile rouge, souvent à inclusions de quartz, couverte d'engobe blanc enrichi de silice et de glaçure alcalino-plombifère opacifiée à l'étain et teintée en turquoise par l'ajout d'oxyde de cuivre. Les surfaces peuvent être animées de godrons, les lèvres festonnées ou les revers recouverts de glaçure plombifère verte, jaune ou incolore, parfois peints de traits.
Attribuée au début de la période turque, plusieurs centres de productions sont supposés dans l'ouest de l'Anatolie, notamment autour d'Éphèse et de Pergame.",1350,1499,4,2023-09-19 11:22:24.776,254,Glaçures bleu turquoise,2024-02-28 10:06:53.384
251,Emaillée / Catalogne,NULL,NULL,NULL,4,2024-02-21 15:47:36.339,10,NULL,2024-02-28 10:06:53.384
164,Architecturale glaçurée,"Regroupement des éléments architecturaux glaçurés qu'il est difficile d’associer à des productions identifiées compte tenu de la variabilité de la composition des argiles moins épurées. En revanche, ils sont rattachés à des ateliers lorsqu'ils font partie de leur production.",1300,1950,4,2023-02-15 13:12:06.371,135,NULL,2024-02-28 10:06:53.384
259,Architecturale à revêtement opaque vénéto-ligure,NULL,1500,1630,5,2024-03-05 14:01:00.741,146,NULL,2024-03-05 14:01:00.741
162,Engobée et peinte ligure,"Céramique en pâte rouge, engobée et glaçurée, parfois peinte. Origine italienne, ligure.",1450,1600,4,2023-02-13 23:29:52.338,139,NULL,2024-02-28 10:06:53.384
205,Peinte / Damas,"Imitations d'une large gamme de productions de vaisselle d'Iznik réalisées dans les ateliers de Damas
Pâte assez tendre de couleur blanche ou jaunâtre ne possédant ni la finesse ni la dureté des pâtes d'Iznik. Glaçure appliquée en couche épaisse à l'intérieur et à l'extérieur mais jamais sous la base.",1580,1699,5,2023-07-10 11:09:16.351,252,NULL,2024-02-28 10:06:53.384
119,Peintes polychromes / Beyrouth,"Céramique à pâte argileuse, chamois ou rose, fine et dure à glaçure alcaline incolore. Décors sous forme de glaçures aubergine et bleues. Production de Beyrouth à l'époque fatimide. ",1000,1099,5,2022-09-13 16:36:47.412,136,NULL,2024-02-28 10:06:53.384
236,Réfractaire glaçurée,"Vaisselle culinaire façonnée dans des pâtes granuleuses, plus ou moins réfractaires, obtenues par mélanges ou puisées dans des carrières proches ; elles ne sont ni kaolinitiques, ni réellement sableuses. Les formes peuvent être tournées ou modelées (non tournées). La glaçure n'est pas toujours couvrante.",NULL,NULL,4,2024-02-20 11:20:45.425,135,NULL,2024-02-28 10:06:53.384
104,Incisées monochromes / Nicosie,"Céramique à pâte calcaire, claire, engobée en rouge et incisée. Glaçure plombifère incolore ou jaune. Production de Nicosie dans le style de celle de Paphos.",1200,1299,5,2022-08-19 10:00:42.140,173,NULL,2024-02-28 10:06:53.384
303,Glaçurée non-calcaire sur engobe / Languedoc,"Groupement des productions languedociennes provenant des ateliers qui façonnent des argiles non-calcaires), engobées et glaçurées.",1500,1900,4,2024-11-12 15:41:26.723,280,NULL,2024-11-12 15:41:26.723
263,Architecturale à revêtement opaque / Barcelone,NULL,1680,1799,5,2024-03-06 11:51:43.308,146,NULL,2024-03-06 11:51:43.308
157,Calcaire oxydante sans revêtement / Raqqa,"Céramique à pâte calcaire, dure, contenant de petites inclusions blanches et noires. Surface beige et cœur rose ou orange clair. Des vases déformés témoignent de la fabrication locale de ces poteries. Il est possible que certaines soient des biscuits mais en l'absence de pièces du même type glaçurées dans ce dépotoir, il est impossible de l'affirmer. Productions aux époque abbasside et fatimide.",780,1099,5,2023-01-27 11:11:10.170,23,NULL,2024-02-28 10:06:53.384
117,Glaçurées monochromes / Beyrouth,"Céramique à pâte calcaire, beige, contenant de petites inclusions blanches et noires. La glaçure alcaline de couleur aubergine presque noire est souvent appliquée en couche épaisse. Elle peut aussi être bleu turquoise. Catégorie produite à Beyrouth.",1100,1199,5,2022-09-13 11:22:02.790,136,NULL,2024-02-28 10:06:53.384
264,Architecturale à revêtement opaque / Delft,NULL,1570,1930,5,2024-03-06 13:06:03.185,146,NULL,2024-03-06 13:06:03.185
127,"Incisée et/ou découpé / Syrie, Egypte","Céramique à pâte artificielle (dite siliceuse), de couleur blanche ou beige. Le décor est incisé ou découpé et couvert ensuite d'une glaçure alcaline incolore ou colorée. Catégorie produite en Syrie et en Égypte au XIIe siècle",1100,1199,5,2022-10-27 17:17:19.935,129,NULL,2024-02-28 10:06:53.384
124,"Peinte polychrome / Syrie, Egypte","Céramique en pâte artificielle (dite siliceuse) peinte en bleu, noir et rouge sous glaçure alcaline incolore. Productions d'époque ayyoubide et mamelouke attribuée à la fois aux ateliers de Syrie et d’Égypte.",1100,1500,5,2022-09-22 17:53:08.902,129,NULL,2024-02-28 10:06:53.384
110,Brune à grise / Pyrénées Orientales,"Céramiques caractérisées par des pâtes non-calcaires, granuleuses, souvent à inclusions de quartz. Façonnées par modelage et finitions au tournassage, les formes sont irrégulières, cuites en atmosphère aléatoire ou mal maîtrisée, de couleurs beiges, brique, brunes, grises à noires. Elles sont généralement associées à la céramique grise.",600,1300,4,2022-08-25 10:35:02.179,96,"Céramique tournassée à cuisson aléatoire, Céramique grise",2024-02-28 10:06:53.384
142,Catégories décorées d'engobe(s),"Regroupement des catégories glaçurées avec des décors d'engobe(s) structurés peint, mêlés ou informels.",NULL,NULL,4,2022-11-21 00:21:26.659,132,NULL,2024-02-28 10:06:53.384
121,Porcelaine de Meissen,"Porcelaine blanche, parfois peinte en bleu nuit, souvent peinte en polychromie (rouge et bleu), parfois surpeinte à l'or. Décors floraux ou sinisants. 
Dans l'Empire ottoman, elle apparaît essentiellement au XVIIIe siècle sous la forme de tasses à café de type oriental (fincan) puis de vaisselle de table au XIXe siècle.",1710,1900,5,2022-09-22 16:28:00.544,150,Porcelaine de Saxe,2024-02-28 10:06:53.384
252,Peinte / Empire ottoman,NULL,1480,1800,5,2024-02-21 16:19:25.601,129,NULL,2024-02-28 10:06:53.384
151,Porcelaine asiatique,NULL,NULL,NULL,4,2023-01-23 14:44:10.607,140,NULL,2024-02-28 10:06:53.384
115,"Peinte en noir et bleu / Syrie, Egypte","Catégorie en pâte siliceuse, peinte en noir et bleu, sous glaçure alcaline. Le décor consiste en compositions à panneaux rayonnants dans lesquels alternent calligraphie, fleurons, petites feuilles trilobées, séries de trois ou quatre points. Le fond des coupes peut être occupé par des représentations d'oies ou de poissons. Certains élément du décor sont parfois réalisés en relief à la barbotine. La glaçure alcaline est incolore. Production, imitant la céramique iranienne de  Sultanabad,  mais fabriquée en Syrie et  en Egypte à partir de la fin du XIIIe et surtout populaire au XIVe siècle.
",1280,1499,5,2022-09-12 15:51:40.527,129,NULL,2024-02-28 10:06:53.384
99,Glaçurées sur engobe / Nicosie,"Céramiques à pâte calcaire couverte d'une glaçure alcalino-plombifère jaunâtre ou verdâtre appliquée directement sur la pâte ou sur un engobe blanc ou rouge. Surface toujours mal conservée.  La  glaçure est parfois plombifère de couleur orangée ou jaune, elle est appliquée sur un engobe rouge. 
Catégories produites dès le XIIIe siècle puis au XIVe siècle à Nicosie sans doute à proximité du terrain de l'archevêché. ",1200,1399,5,2022-08-18 09:48:35.486,71,NULL,2024-02-28 10:06:53.384
296,Décors d'engobes sur pâtes kaolinitiques / Provence,"Formes en argile kaolinitique avec décor d'engobes structuré (peint et/ou imprimé), plus rarement mêlés. Elles appartiennent aux productions qui livrent de la vaisselle de table glaçurée sur engobe en argile kaolinitique. Ces formes à décor structuré apparaissent généralement un peu plus tôt, dès la fin du XVIe siècle, alors que dans le courant du XVIIe siècle les argiles calcaires sont préférées.",1575,1699,4,2024-11-08 10:30:15.775,21,NULL,2024-11-08 10:30:15.775
211,Incisées peintes / Nicée-Iznik,"Céramique à pâte argileuse, orange ou rouge, fine et dure, engobée aux décors incisés ou champlevés rehaussés de glaçures vertes ou pourpre sous une glaçure plombifère incolore et brillante.
Production des ateliers de Nicée-Iznik sans doute de la fin du XIIIe-début XIVe siècle.",1280,1331,5,2023-08-07 17:57:50.107,192,NULL,2024-02-28 10:06:53.384
77,Kaolinitique émaillée en vert et brun,"Des formes rares car l'émail stannifère adhère mal aux surfaces en argile kaolinitique. La plupart des exemples proviennent des contextes de production de faïence verte et brune médiévale, en argile calcaire, et ont reçu un revêtement similaire à celle-ci  : un émail blanc et des décors en vert de cuivre et brun de manganèse.",1250,1500,4,2021-12-30 23:46:03.213,171,NULL,2024-02-28 10:06:53.384
176,Incisées ou incisées et peintes sur engobe / Méditerranée occidentale,NULL,NULL,NULL,5,2023-02-23 15:57:53.699,90,NULL,2024-02-28 10:06:53.384
90,Incisées ou incisées et peintes sur engobe,"Céramiques à décor incisé sur l'engobe encore frais, recouvert de glaçure transparente. Le décor incisé peut être rehaussé de glaçures colorées.",800,1700,4,2022-02-11 22:44:40.766,132,NULL,2024-02-28 10:06:53.384
187,Incisées monochromes / Raqqa,"Céramique à pâte beige ou rose, bien épurée avec un peu de sable fin comme dégraissant, dense, compacte et dure. Une couche d'engobe est appliquée l'intérieur et à l'extérieur ainsi que sous la base. Le décor est incisé ou excisé puis couvert d'une glaçure plombifère incolore, très brillante, avec parfois des coulures vertes. ",1000,1099,5,2023-04-21 12:47:41.704,173,NULL,2024-02-28 10:06:53.384
222,Glaçure monochrome alcalino-plombifère opacifiée à l'étain / période des Beylik,Céramique à pâte rouge couverte d'une glaçure alcalino-plombifère opacifiée à l'étain de couleur turquoise caractéristique des productions des Emirats (beylik) turcomans. Il s'agit le plus souvent de très grands coupes.,1350,1399,5,2023-08-18 11:57:22.491,144,NULL,2024-02-28 10:06:53.384
220,Glaçurées sur engobe / Aphrodisias,"Céramique à pâte rouge, micacée, engobée et couverte de glaçure plombifère vert émeraude ou jaune d'or.",1400,1899,5,2023-08-17 16:55:56.056,268,NULL,2024-02-28 10:06:53.384
290,Rouge gaçurée moderne,"Productions en argiles non-calcaires, plus ou moins grossières, tournées et  recouvertes de glaçure plombifère.",1400,1900,4,2024-06-25 17:01:13.882,135,NULL,2024-06-25 17:01:13.882
141,"Kaolinitique glaçurée sur engobe / Provence, Languedoc",Productions modernes en argiles kaolinitiques glaçurées sur engobe blanc ou crème,NULL,NULL,4,2022-11-21 00:14:25.962,132,NULL,2024-02-28 10:06:53.384
120,Décors découpés / Syrie ,"Céramique à pâte siliceuse, dure, fine, très blanche. Décor découpé à la gouge. Glaçure alcaline bleu de cobalt, bleu turquoise ou incolore et rehaussée de coulures fusantes bleues ou pourpre manganèse. 
Production syrienne de Raqqa et Meskene.",1100,1199,5,2022-09-22 16:00:13.420,129,NULL,2024-02-28 10:06:53.384
147,Modelée sans revêtement,NULL,NULL,NULL,4,2023-01-23 14:03:22.230,137,NULL,2024-02-28 10:06:53.384
155,Calcaire oxydante sans revêtement abbasside / Raqqa,"Céramique à pâte calcaire, dure, contenant de petites inclusions blanches et noires. Surface beige et cœur rose ou orange clair. Des vases déformés témoignent de la fabrication locale de ces poteries. Il est possible que certaines soient des biscuits mais en l'absence de pièces du même type glaçurées dans ce dépotoir, il est impossible de l'affirmer",780,899,5,2023-01-23 17:24:16.419,157,NULL,2024-02-28 10:06:53.384
223,Peinte au lustre métallique ,NULL,1100,1299,5,2023-08-18 14:58:59.193,129,NULL,2024-02-28 10:06:53.384
152,Porcelaine de Chine,NULL,NULL,NULL,4,2023-01-23 14:44:45.214,151,NULL,2024-02-28 10:06:53.384
136,Calcaire avec glaçure alcaline ou alcalino-plombifère,"Regroupement des catégories en pâte calcaire avec un revêtement de glaçures opacifiées alcalines ou alcalino-plmbifères. Les formes peuvent être monochromes ou porter des décors peints en glaçures colorées en brun, aubergine, bleu, turquoise, le plus souvent sur fond blanc ou blanchâtre.",NULL,NULL,4,2022-11-20 20:18:38.403,144,NULL,2024-02-28 10:06:53.384
161,Calcaire à revêtement opaque / Raqqa,"Cette catégorie regroupe des vases émaillés monochromes et des vases peints en vert/turquoise, en bleu, en bleu et vert, sur émail blanc, probablement une glaçure alcaline opacifiée à l'étain. ",780,899,5,2023-02-10 10:06:37.245,254,NULL,2024-02-28 10:06:53.384
58,Incisées peintes / Lapithos,"Céramique à pâte fine de couleur chamois. L'engobe est tantôt très blanc, surtout au début de la production puis il est beige et souvent appliqué en jus pauvre par la suite. La glaçure plombifère incolore est souvent très brillante. Le décor géométrique, zoomorphe ou anthropomorphe, est incisé et rehaussé de coulures de glaçure verte ou verte et jaune d'ocre.  
",1380,1530,5,2021-10-28 11:28:21.611,178,NULL,2024-02-28 10:06:53.384
129,Pâte siliceuse artificielle / Orient,"Céramique à pâte artificielle (dite siliceuse) composée d'un mélange de quartz réduit en poudre, d'argile blanche et de fritte. La glaçure appliquée sur ces objets est le plus souvent alcaline, incolore ou colorée.
",900,1699,5,2022-10-28 10:05:03.361,140,"Stone-paste ware, Pâte ""sucre"", Pâtes siliceuses, Fritware",2024-02-28 10:06:53.384
144,Catégories à revêtement opaque ou opacifié,"Catégories regroupant les céramiques à revêtement vitreux, plombifère et/ou alcalin, plus ou moins opacifié à l'étain. Dans certains cas, le revêtement opacifié est posé sur engobe. Elles peuvent être décorées de motifs peints en couleurs ou au lustre métallique.",NULL,NULL,4,2023-01-20 15:11:24.210,NULL,NULL,2024-02-28 10:06:53.384
158,Calcaire oxydante sans revêtement fatimide / Raqqa,"Céramique à pâte calcaire, dure, contenant de petites inclusions blanches et noires. Surface beige et cœur rose ou orange clair. Des vases déformés témoignent de la fabrication locale de ces poteries. Il est possible que certaines soient des biscuits mais en l'absence de pièces du même type glaçurées dans ce dépotoir, il est impossible de l'affirmer. ",1000,1099,5,2023-01-27 11:13:50.418,157,NULL,2024-02-28 10:06:53.384
171,Kaolinitiques à revêtements opaques,Productions en argiles kaolinitiques à revêtements opacifiés et souvent à décors peints polychromes.,NULL,NULL,5,2023-02-23 10:35:49.561,144,NULL,2024-02-28 10:06:53.384
11,"Emaillée / Provence, Languedoc","Productions faïencières modernes, généralement en argile calcaire et revêtement d'émail stannifère monochrome ou à décor peint. La majorité des formes sont tournées mais le moulage ou le décor moulé et appliqué sont aussi fréquents.",1600,1800,1,2021-07-28 14:29:54.245,10,Faïence de Provence,2024-02-28 10:06:53.384
265,Architecturale à revêtement opaque / Valence,NULL,NULL,NULL,5,2024-03-06 16:35:20.229,146,NULL,2024-03-06 16:35:20.229
208,Incisées monochromes / Iznik,"Comme en attestent plusieurs biscuits, les ateliers ottomans d'Iznik produisent des céramiques à pâte rouge plus grossière que celle des fabrications locales d'époque byzantine. Les décors sont incisés ou champlevés à travers un engobe de couleur beige ou rosée et couverts d'une glaçure plombifère très brillante de tonalités foncées, vert soutenu, caramel et brun.",1331,1599,5,2023-07-26 16:39:38.374,173,NULL,2024-02-28 10:06:53.384
21,"Décors structurés et/ou peint d'engobes / Provence, Languedoc","Pâtes généralement calcaires, engobées, avec décor imprimé ou peint en engobes rouge ou clair, complété parfois de taches de glaçure colorée.",1575,1800,1,2021-07-29 08:30:04.841,142,Décors au barolet,2024-02-28 10:06:53.384
212,Kaolinitique imprimée ou peinte glaçurée / Nicée-Iznik,"Comme en attestent plusieurs biscuits, les ateliers byzantins d'Iznik produisent des céramiques à pâte kaolinitique, sans doute de type Glazed White Ware II, au décor imprimé sous glaçure plombifère jaune pâle ou vert foncé moucheté. ",880,1120,5,2023-08-08 11:01:07.192,172,NULL,2024-02-28 10:06:53.384
275,Claçurée sur engobe / Crimée,"Céramique pour le service de table ou le stockage et le transport, en pâte rouge, engobées et couvertes de glaçure transparente monochrome.",1270,1800,4,2024-03-18 11:35:32.621,268,NULL,2024-03-18 11:35:32.621
43,Décors marbrés / Italie,"Céramiques à pâte rouge vif, fine et dure, décorées d'engobes colorés jaspés tourbillonnés, fabriquées en Toscane, à Pise et dans les ateliers de la vallée de l'Arno. Cette production toscane était commercialisée à grande échelle tandis que celles, semblables, réalisées en Lombardie, en Vénétie et en Emilie-Romagne étaient destinées à une consommation locale. ",1575,1699,5,2021-10-28 08:59:23.101,142,NULL,2024-02-28 10:06:53.384
84,Incisées et/ou peintes aux glaçures colorées,"Céramique généralement en pâte calcaire, engobée, et décorée de glaçures colorées en lignes, taches ou en motifs peints en vert, brun-jaune ou rarement bleu. Le décor peut être structuré ou tracé par des lignes ou motifs incisés. L'ensemble est recouvert principalement de glaçure incolore ou jaune. Des décors incisés sous glaçure colorée monochrome existent également. Catégorie produite simultanément avec la calcaire glaçurée sur engobe, monochrome.",1500,1900,4,2022-02-11 11:41:58.831,139,Calcaire polychrome,2024-02-28 10:06:53.384
291,Grossière ou sableuse oxydante / Languedoc,NULL,NULL,NULL,4,2024-06-25 17:27:03.441,286,NULL,2024-06-25 17:27:03.441
149,Faïence fine,"Productions pré-industrielles et industrielles en pâtes blanches composées essentiellement de kaolin, recouvertes de glaçure transparente. Ces formes reçoivent régulièrement un décor (moulé, peint, au transfert, au pochoir, à l'éponge...).",1700,1900,4,2023-01-23 14:33:44.026,140,Porcelaine tendre,2024-02-28 10:06:53.384
146,Architecturale à revêtement opaque ou opacifié,"Regroupement des éléments architecturaux émaillés qu'il est difficile d’associer à des productions identifiées compte tenu de la variabilité de la composition des argiles moins épurées. En revanche, ils sont rattachés à des ateliers lorsqu'ils font partie de leur production.",NULL,NULL,4,2023-01-23 13:58:06.808,144,NULL,2024-02-28 10:06:53.384
234,Grise provençale,"Groupe homogène regroupant des céramiques cuites en atmosphère réductrice (gris-brun à noires), produites de l'Antiquité tardive jusqu'au XIIIe siècle dans une aire comprise entre la rive orientale du Rhône, le Dauphiné et les abords des Maures. Les zones de production identifiées par analyses physico-chimiques des pâtes notamment sont le pays d'Apt, l'arrière-pays marseillais et le bassin de Saint-Maximin.",400,1300,6,2024-02-12 13:49:25.383,96,NULL,2024-02-28 10:06:53.384
254,Glaçure opaque ou opacifiée / Orient ,NULL,NULL,NULL,5,2024-02-22 16:46:52.224,144,NULL,2024-02-28 10:06:53.384
35,Cuerda seca,Céramiques en pâte calcaire décorées de motifs en émail délimités par un trait de manganèse posés à même la pâte.,1000,1200,4,2021-09-17 13:36:00.128,3,NULL,2024-02-28 10:06:53.384
93,Réfractaire glaçurée moderne,"Vaisselle culinaire façonnée dans des pâtes granuleuses, plus ou moins réfractaires, obtenues par mélanges ou puisées dans des carrières proches ; elles ne sont ni kaolinitiques, ni réellement sableuses. Elles sont utilisées dans des ateliers qui fabriquent également de la vaisselle de table non-réfractaire, destinées à couvrir les besoins locaux et n'ont pas une diffusion importante. Les formes peuvent être glacurées.",1400,1900,4,2022-02-22 18:52:27.295,236,Culinaire glaçurée moderne ; Pâtes granuleuses glaçurées,2024-02-28 10:06:53.384
7,Oxydante polie languedocienne,"Céramique en argile non-calcaire, souvent sableuse, à inclusions de quartz, des grains blancs opaques et nodules sombres. Généralement elle est tournée mais certaines formes suggèrent un façonnage par modelage suivi de tournassage. Les surfaces sont entièrement ou partiellement couvertes de bandes de polissage, serrées ou lâches, parfois ordonnées. La cuisson est oxydante. Cette céramique est typique pour les sites languedociennes, elle a été étudiée en contexte de production dans les ateliers de Mas-Viel à Argelliers (34).",1100,1250,1,2021-07-28 11:42:24.234,109,Rouge des garriques,2024-02-28 10:06:53.384
194,Peinte au lustre métallique sur pâte argileuse / Orient islamique,"Céramique en pâte argileuse, souvent calcaire, peinte au lustre métallique caractéristique des périodes abbasside et fatimide au Proche-Orient et en Égypte.",800,1099,5,2023-06-20 14:05:16.329,184,NULL,2024-02-28 10:06:53.384
153,Porcelaine du Japon,NULL,NULL,NULL,4,2023-01-23 14:45:22.350,151,NULL,2024-02-28 10:06:53.384
139,Peintes avec des glaçures colorées sur engobe,"Catégories à décor de glaçure(s) colorée(s), souvent verte ou brune, plus rarement jaune ou bleu. Ces décors sont posés généralement sur le fond clair de l'engobe et recouvert d'une glaçure transparente incolore à jaunâtre.",NULL,NULL,4,2022-11-20 23:19:13.203,132,NULL,2024-02-28 10:06:53.384
179,"Engobées en rouge et blanc, incisées et peintes","Production à pâte calcaire dans le style des céramiques des ateliers de Paphos et de Lapithos. Elle se caractérise notamment par l'emploi de deux engobes, blanc et rouge, sur le même objet. Glaçure plombifère incolore rehaussée de glaçures vertes et jaune d'ocre. Peut-être une production de Nicosie",1200,1399,5,2023-02-24 17:44:47.519,178,NULL,2024-02-28 10:06:53.384
191,Incisées monochromes / Empire byzantin,"Céramiques au décor incisé sur engobe et glaçurées au plomb. L'incision, lorsqu'elle est réalisée avec une pointe fine, est généralement appelée sgraffito mais elle peut-être plus large et lorsque la surface est arrachée à la gouge, elle est qualifiée de champlevé. Cette technique caractérise une grande partie des productions byzantines entre le VIIIe et le XVe siècle.",700,1453,5,2023-06-20 09:57:06.439,173,NULL,2024-02-28 10:06:53.384
188,Incisées et peintes jaspées / Raqqa,"Céramique en pâte claire, orange ou rose, couverte d'un engobe crème. Le décor est peint en polychromie - jaune d'ocre, vert et brun - sous la forme d'éclaboussures fusant dans une glaçure plombifère incolore. Il est associé à quelques lignes à peine incisées. ",800,1099,5,2023-04-24 10:03:26.608,173,NULL,2024-02-28 10:06:53.384
213,Peinte en vert et brun / Nicée-Iznik,"Céramique à pâte kaolinitique, peinte en vert et brun, qui semble avoir été produite à Iznik comme en témoignent plusieurs biscuits.",1100,1275,5,2023-08-08 11:20:54.947,193,NULL,2024-02-28 10:06:53.384
304,"Décors d'engobes mêlés / Provence, Languedoc","Vaisselle engobée, avec décor d'engobes rouge et blanchâtre mêlés, souvent rehaussé de taches de glaçure colorées.",1600,1825,4,2024-11-12 18:10:10.726,142,"Décors jaspés, Décors marbrés, Engobes mêlés",2024-11-12 18:10:10.726
89,"Emaillée monochrome / Provence, Languedoc","Formes en argile calcaire et revêtement d'émail monochrome, produites simultanément aux décors en vert et brun, dans les mêmes ateliers, généralement vers la fin du XIVe siècle et le siècle suivant.",1250,1500,4,2022-02-11 21:07:12.698,3,NULL,2024-02-28 10:06:53.384
160,Céramique peinte polychrome à glaçure alcalino-plombifère / Raqqa,"Céramique à pâte calcaire décorée de motifs peints en brun, vert, jaune, ocre-jaune sur une glaçure alcalino-plombifère plus ou moins transparente parfois légèrement opacifiée à l'étain. Des glaçures de nature différente peuvent être apppliquées sur le même objet, alcalino-plombifère opacifiée et plombifère transparente et brillante. ",780,899,5,2023-02-01 11:59:09.611,136,NULL,2024-02-28 10:06:53.384
186,A glaçure opaque jaune et décors peints / Raqqa,"L'emploi d'une glaçure jaune opaque appliquée sur une pâte calcaire caractérise cette catégorie. Des analyses chimiques ont montré, qu'en Syrie au VIIIe siècle, il s'agissait d'une glaçure plombo-stannifère (lead stannate). Les coulures vertes opaques de même nature sont colorées à l'oxyde de cuivre. Les motifs peuvent aussi être peints en brun, vert, jaune et blanc. ",780,799,5,2023-03-22 17:04:23.244,144,NULL,2024-02-28 10:06:53.384
163,Céramique à glaçure alcalino-plombifère monochrome / Raqqa,"Céramique à pâte calcaire claire couverte d'une glaçure alcalino-plombifère plus ou moins opacifiée, réalisée à Tell Abou Ali à l'époque fatimide, sans doute au debut du XIe siècle.",1000,1030,5,2023-02-15 11:48:43.786,136,NULL,2024-02-28 10:06:53.384
181,Moulée / Raqqa,"Céramiques, en pâte calcaire, moulées (col et base sont tournés) et moules découverts dans les dépotoirs de l'atelier de Tell Abou Ali. Il n'est pas exclu que certains de ces objets soient des biscuits. ",780,899,5,2023-02-28 16:10:38.372,242, ,2024-02-28 10:06:53.384
87,Culinaire grise moderne / Languedoc,Vaisselle essentiellement culinaire montée au tour en argile plus ou moins sableuse et cuite en atmosphère réductrice. Elle est caractéristique des ateliers languedociens du XVe siècle.,1400,1500,4,2022-02-11 16:54:59.486,287,"Pâtes réductrices modernes, Marmites grises modernes",2024-02-28 10:06:53.384
241,Marmites grises / Provence,"Des marmites grises apparaissent dans les contextes des XVIe et XVIIe siècle de Provence, essentiellement sur des sites côtiers ou dans l'arrière-pays proche.",1575,1700,4,2024-02-20 16:20:10.384,287,NULL,2024-02-28 10:06:53.384
145,Modelée / Chypre,"Céramique modelée fabriquée à Chypre dans le Troodos, dans l'atelier de Phini, entre le XIIe et le XIVe siècle comme des analyses chimiques en attestent. Les productions modelées généralement plus décorées, datées des XVe et XVIe siècle, ont une autre origine, encore inconnue.
Tradition maintenue jusqu'il y a peu dans les villages de Kornos et Phini.
",1180,1599,5,2023-01-23 09:38:14.935,147,NULL,2024-02-28 10:06:53.384
278,Calcaire réductrice médiévale / Languedoc,"Céramique en pâte calcaire, généralement fine, parfois avec inclusions, tournée, cuite en atmosphère réductrice. Au XIIIe-XIVe siècle, elle est représentée surtout par des cruches à eau.",1200,1400,4,2024-05-14 15:30:02.638,96,NULL,2024-05-14 15:30:02.638
132,Catégories à glaçures transparentes sur engobe,Regroupement des catégories qui présentent un revêtement d'engobe sous la glaçure transparente incolore ou colorée. Les catégories décorées avec des incisions ou des excisions de l'engobe et/ou de taches ou motifs organisés en glaçures colorées ou engobes font partie de ce groupe.,NULL,NULL,4,2022-11-17 11:33:11.759,NULL,NULL,2024-02-28 10:06:53.384
242,Moulées sans revêtement,NULL,NULL,NULL,4,2024-02-20 16:39:31.720,23,NULL,2024-02-28 10:06:53.384
126,Incisées et peintes / Syrie du Nord,"Céramique à pâte rouge, fine, au décor incisé à travers un engobe et rehaussé de glaçures brunes, vertes, jaune d'ocre souvent fusantes. La glaçure plombifère est incolore à l'intérieur mais souvent verte ou jaune à l'extérieur.
Cette céramique a été découverte en abondance dans le port d'Antioche, Al Mina, dont elle tire son nom. Elle y était réalisée de même que dans des ateliers de Cilicie (Sardes, Misis, Kinet) et de Syrie du Nord, au XIIIe siècle. Si 1268, date de la destruction du port d'Antioche par les Mamelouks, marque la fin de la production à Antioche, des céramiques de même style étaient encore produites au XIVe et sans doute encore aux XVe voire XVIe siècles en Syrie du Nord.",1200,1499,5,2022-09-23 16:54:40.006,173,Port St. Symeon Ware ; Polychrome Sgraffito Ware ; Al Mina Ware,2024-02-28 10:06:53.384
180,Décors marbrés / Empire ottoman,"Vaisselle aux décors marbrés nommée en turc « ebrulu çiniler » et coupes peintes de taches d’engobe de type « peau de léopard » ou avec des engobes colorés mêlés sous une glaçure incolore tachetée de vert connues sous l’appellation Marbled Wares. Dans l’Empire ottoman, la céramique « ebruli » était réalisée dans de nombreux ateliers : à Smyrne ;  à Didymotique ; à Athènes dont une partie de la production est datée entre 1750 et 1850 ; à Constantinople, à proximité du cimetière d’Eyüp, où de nombreux ratés de cuisson de céramique « ebruli » étaient associés aux vestiges d’un four ; en Crète, des « Marbled Wares », avec des anneaux en relief imprimés à l’intérieur, été fabriquées avec une argile de la région de Rethymon-Margarites comme en attestent des analyses physico-chimiques des pâtes.",1700,1850,5,2023-02-28 14:04:57.646,142,NULL,2024-02-28 10:06:53.384
266,Pâte rouge et surface noire,"Egalement dénommée PRSN, la céramique à pâte rouge et surface noire est associée aux céramiques grises provençales. La pâte est non calcaire, rouge à brune à cœur et grise à noire en surface, résultant d'une cuisson en atmosphère oxydante et d'une post-cuisson en atmosphère réductrice maîtrisée. Mise en évidence dans des contextes de consommation de l'Antiquité tardive jusqu'au XIIe siècle à Apt (Vaucluse), elle a été très probablement produite localement dans l’un des ateliers du Pays d’Apt. La localisation précise de l'atelier n'est toutefois pas connue. ",400,1200,6,2024-03-07 13:19:52.823,96,NULL,2024-03-07 13:19:52.823
274,Moulée / Crimée,"Formes fermées en pâte rouge, tournées et moulées : la panse est constituée de deux demi-sphères tournées puis façonnées dans un moule ; le fond et le col sont tournés. La pièce est ensuite  recouverte soit d'engobe rouge, soit d'engobe clair et de glaçure transparente. Dans de rares cas, ces objets sont sans revêtement. ",1270,1370,11,2024-03-15 19:00:58.900,268,NULL,2024-03-15 19:00:58.900
228,Glaçurées sur engobe rouge / Chypre,"Céramiques à pâte claire, fine, de couleur orange couvertes d'un engobe rouge appliqué sur les surfaces internes et externes ou uniquement à l'extérieur. La glaçure plombifère, souvent très brillante, est incolore ou jaune orangé. 
Le lieu de production pourrait être Nicosie ou Enkomi.",1200,1399,5,2023-09-28 10:18:42.541,71,NULL,2024-02-28 10:06:53.384
62,Peinte / Chypre,"Pâte calcaire assez compacte qui présente des inclusions plus ou moins grossières de quartz, de micro-fossiles, des petits points rouges de fer ainsi que des inclusions noires. La glaçure plombifère, appliquée en couche fine, est tantôt colorée avec des oxydes de cuivre (couleur verte) tantôt avec des oxydes de fer (couleur jaune moutarde). Elle adhère bien  au corps du tesson.",1489,1570,5,2021-10-28 11:43:21.677,256,NULL,2024-02-28 10:06:53.384
170,Peinte en bleu sur engobe,"Formes en argiles rouges, souvent grossières, recouvertes d'engobe blanc ou crème (siliceux ou argileux) et peintes en bleu foncé sous glaçure transparente, alcalino-plombifère. Des éléments de couleurs verte, bleu turquoise, rouge pourpre, brun violet, noire ou grisée peuvent compléter les décors ; les aplats de bleu ou noir peuvent également être incisés. La paroi externe, engobée jusqu'à mi-panse est parfois peinte en bleu sous glaçure incolore ou glaçurée en vert. Les décors floraux et géométriques  empruntent aux porcelaines chinoises bleu et blanc.",1460,1520,4,2023-02-20 15:15:36.400,69,NULL,2024-02-28 10:06:53.384
20,Incisée/peinte de la Vallée de l'Huveaune,"Produite entre la fin du XVIe et surtout le XVIIe siècle, cette catégorie est caractérisée par des décors incisés sur engobe blanc et rehaussés de taches vertes d'oxyde de cuivre et brun-rouge d'engobe ferrugineux. Les motifs stylisés sont principalement des fleurs, des végétaux, des oiseaux ou, plus rarement, des personnages. Les formes sont principalement ouvertes : écuelles et coupes à marli. Elle est attribuée principalement aux ateliers de l'arrière-pays marseillais et du plateau de Valensole. ",1550,1700,1,2021-07-29 08:23:05.829,176,NULL,2024-02-28 10:06:53.384
91,Architecturale glaçurée sur engobe,"Regroupement des éléments architecturaux glaçurés sur engobe qu'il est difficile d’associer à des productions identifiées compte tenu de la variabilité de la composition des argiles moins épurées. En revanche, ils sont rattachés à des ateliers lorsqu'ils font partie de leur production.",1500,1900,4,2022-02-12 18:55:14.263,132,NULL,2024-02-28 10:06:53.384
203,Peinte à l'engobe / Iznik,"Décors peints en léger relief à l’engobe bleu pâle épais sur un fond blanc laiteux,  ou décors peints avec des engobes noirs et bleu pâle  sur un engobe corail.",1560,1575,5,2023-07-06 17:57:50.244,252,Céramique d'Iznik,2024-02-28 10:06:53.384
37,Calcaire glaçurée / Al-Andalus,"Vaisselle en pâtes calcaires et à glaçures transparentes ou translucides, souvent verdâtre ou turquoise opacifiée, des régions de Al-Andalus. Certains gros contenants (jarres et bassins) peuvent provenir d'Afrique du nord. Les surfaces peuvent être sillonnées, incisées, estampées (pour les jarres) ou à cordons hachuré/moletés (pour les bassins).",1200,1400,4,2021-09-23 11:52:32.279,135,"Tinaja, Talhas, Khabya, Jarres et bassins islamiques",2024-02-28 10:06:53.384
192,Incisées et peintes / Empire byzantin,"Céramiques au décor incisé sur engobe clair et rehaussé de coulures de glaçures vertes ou jaune ocre sous glaçure au plomb. L'incision, lorsqu'elle est réalisée avec une pointe fine, est généralement appelée sgraffito mais elle peut-être plus large.  Cette technique caractérise les productions byzantines à partir du XIIIe siècle.",1200,1453,5,2023-06-20 10:34:01.158,173,NULL,2024-02-28 10:06:53.384
125,Décors d'engobe / Çanakkale,"A Çanakkale, les potiers réalisaient des coupes en pâte rouge, fine et dure, profondes à lèvre en crochet avec, sur le fond, des cercles imprimés en relief et un décor de longues coulures d’engobe blanc radiant depuis la lèvre sous une glaçure plombifère jaune ou verte. Ce type de céramique extrêmement répandu en Méditerranée a d’abord été isolé et identifié à tort comme une production de Didymotique. Sur les sites, il est presque toujours associé à une autre production fameuse de ce centre des Dardanelles peinte. Des aiguières « baroques » et des cruches ornées de médaillons en forme de rosette appliqués sont aussi fréquentes.",1700,1910,5,2022-09-23 16:18:39.775,142,NULL,2024-02-28 10:06:53.384
280,Glaçurée sur engobe / Méditerranée occidentale,NULL,NULL,NULL,4,2024-05-16 17:42:34.877,132,NULL,2024-05-16 17:42:34.877
167,Réfractaire glaçurée / Ligurie,"Formes à usage culinaire, en argile rouge brique grossière et glaçure brune à l'intérieur. Cette production attribuée à Savone ou Albisola prolonge une tradition de céramique modelée. Les marmites, pots et jattes portent régulièrement des anses en boudin.",1200,1850,4,2023-02-15 14:23:30.744,236,NULL,2024-02-28 10:06:53.384
103,Incisées monochromes / Paphos,"Céramique à pâte rouge, engobée en blanc, incisée et glaçurée au plomb des ateliers de Paphos.",1200,1299,5,2022-08-19 09:48:15.016,173,NULL,2024-02-28 10:06:53.384
182,Sableuse,"Céramiques à pâte argileuse, sableuse.",NULL,NULL,5,2023-03-01 17:03:00.929,137,NULL,2024-02-28 10:06:53.384
224,Peintes à l'engobe / Anatolie seldjoukide,"Céramiques à pâte rouge au décor couvrant peint à l'engobe sous une glaçure plombifère souvent très brillante, incolore ou verdâtre. Elle est fabriquée dans les ateliers du sud-ouest de l'Anatolie.",1150,1299,5,2023-08-18 15:38:20.890,142,NULL,2024-02-28 10:06:53.384
260,Architectural à revêtement opaque / Tunis,"Les maîtres céramistes des ateliers de Qallaline à Tunis, aux époques turque (1574-1705) et husseinite (1705-1900), s’emparent des carreaux d’Iznik, d’Andalousie, de Catalogne puis de Naples, pour en réinterpréter les motifs avec des moyens techniques différents et moins maîtrisées. Cette production est fabriquée dans une pâte calcaire, dure, de couleur rose ou orange clair avec de petites inclusions noires. Les carreaux sont de petits modules, 9 x 9 cm, et assez épais, 2 cm. Les contours des décors géométriques ou végétaux stylisés sont tracés en brun de manganèse tandis que les motifs sont colorés en jaune d’or (antimoine), bleu turquoise (oxyde de cobalt), vert (oxyde de cuivre) sur un émail blanc opaque. Si le trait est souvent grossier et l’émail bullé – ce qui témoigne de cuissons mal maîtrisées ‒ la vivacité des couleurs est fort attrayante. On observe souvent mais pas systématiquement les trois marques d’arrachement laissées par le retrait de la pernette, l’outil qui permet leur juxtaposition dans le four. ",1574,1800,5,2024-03-05 14:43:18.839,146,NULL,2024-03-05 14:43:18.839
207,Incisées et peintes / Iznik,"Comme en attestent plusieurs biscuits, les ateliers ottomans d'Iznik produisent des céramiques à pâte rouge plus grossière que celle des fabrications locales d'époque byzantine. Les décors sont incisés ou champlevés à travers un engobe de couleur beige ou rosée et parfois rehaussés de glaçures colorés en vert ou brun. Ils sont ensuite couverts d'une glaçure plombifère très brillante de tonalités foncées, vert soutenu, caramel et brun.
Une période de transition ou de coexistence entre les productions byzantines et ottomanes apparaît à travers un nombre limité de céramiques qu'on peut attribuer à la fin du XIIIe-fin XIVe siècle.",1280,1599,5,2023-07-26 16:18:16.716,173,NULL,2024-02-28 10:06:53.384
276,Emaillée / Djerba,NULL,1800,1899,5,2024-03-18 17:38:35.340,10,NULL,2024-03-18 17:38:35.340
301,Architecturale engobée,"Catégorie technique regroupant essentiellement des carreaux ou tomettes engobées. Les tomettes engobées se généralisent vers la fin du XVIIIe et sont produites jusqu'à la fin du XIXe siècle. Toutefois, des exemples engobés peuvent appartenir à la première génération du milieu du XVIIe à la fin du XVIIIe siècle.   ",1650,1900,4,2024-11-11 12:46:25.912,168,NULL,2024-11-11 12:46:25.912
137,Catégories sans revêtement vitreux,"Regroupement des catégories sans revêtement vitreux à cuisson oxydante ou réductrice. Elles peuvent être fabriquées avec des argiles différentes selon des modes de façonnages variés. Elles présentent éventuellement des décors polis, incisés, imprimés, excisés, rapportés. Certaines catégories oxydantes ont des surfaces blanchies au sel, des revêtement d'engobe ou des décors tracés aux pigments dilués à l'eau.",NULL,NULL,4,2022-11-20 21:27:28.876,NULL,NULL,2024-02-28 10:06:53.384
106,Culinaire / Beyrouth,"Pâte riche en fer, de couleur rouge orangé à rouge violacé, de texture granuleuse et contenant des inclusions blanches opaques, calcaires. Glaçure au plomb incolore parfois teintée au manganèse et donc de couleur chocolat. Elle peut être partielle ou absente.",1100,1299,5,2022-08-19 17:33:52.550,236,NULL,2024-02-28 10:06:53.384
193,Kaolinitique peinte avec des glaçures colorées,"Céramique à pâte blanche ou rose kaolinitique, peinte grossièrement en vert de cuivre et brun de manganèse. La glaçure plombifère est incolore.",1100,1400,5,2023-06-20 10:56:11.083,76,NULL,2024-02-28 10:06:53.384
229,Glaçurée plombifère / Empire ottoman,NULL,NULL,NULL,5,2023-09-28 11:00:48.217,135,NULL,2024-02-28 10:06:53.384
243,Calcaire sans revêtement / Khorassan,NULL,NULL,NULL,4,2024-02-20 16:50:09.473,23,NULL,2024-02-28 10:06:53.384
102,Peintes à l'engobe / Chypre,Production peinte à l'engobe et glaçurée au plomb du XIIIe siècle. Cette technique caractérise les ateliers de la région de Paphos (pâte très rouge) mais aussi d'autres centres employant une argile calcaire (Nicosie ?). Sur cette pâte calcaire un engobe blanc et un autre rouge sont appliqués conjointement. ,1200,1299,5,2022-08-18 18:40:10.321,142,NULL,2024-02-28 10:06:53.384
227,Peinte / Kütahya,Céramique en pâte siliceuse attribuée aux ateliers de Kütahya très actifs au XVIIIe siècle. Les productions les plus distribuées dans l'Empire ottoman et hors ses frontières sont des tasses à café sans anse dites fincan parfois assorties de leur soucoupe. Le décor est peint en bleu ou dans une riche polychromie. Il arrive que la paroi soit découpée.,1700,1799,5,2023-09-28 09:37:58.857,252,NULL,2024-02-28 10:06:53.384
246,Peinte / Çanakkale,"A Çanakkale, les potiers réalisaient des coupes en pâte rouge, fine et dure, profondes à lèvre en crochet. Une partie de la production était peinte sur engobe en brun, bleu et rouge orangé sous une glaçure plombifère incolore. ",1750,1800,5,2024-02-20 22:59:51.798,69,NULL,2024-02-28 10:06:53.384
214,Glaçurées sur engobe / Iznik,"Comme en attestent plusieurs biscuits et surcuits, les ateliers ottomans d'Iznik produisent des céramiques à pâte rouge plus grossière que celle des fabrications locales d'époque byzantine. Une glaçure plombifère très brillante de tonalités foncées, vert soutenu, caramel et brun est appliquée sur un engobe de couleur beige ou rosée.",1331,1599,5,2023-08-08 12:50:28.482,268,NULL,2024-02-28 10:06:53.384
25,"Calcaire glaçurée sur engobe / Provence, Languedoc",Pâtes calcaires avec un revêtement de glaçure plombifère posé sur engobe.,1450,1900,1,2021-07-29 08:42:39.151,280,NULL,2024-02-28 10:06:53.384
270,Incisées / Crimée,NULL,1270,1700,11,2024-03-14 15:20:19.171,173,NULL,2024-03-14 15:20:19.171
34,Modelée culinaire / côtes Méditerranéennes,"Vaisselle culinaire, modelée en pâte bien rouge granuleuse, à glaçure plombifère souvent fine et irrégulière. Les  formes principales sont des jattes ou des plats à tétons ou à tenons doubles horizontaux. Anciennement attribuée aux ateliers ligures, les analyses pétrographiques lui attribue une origine des côtes Méditerranéennes de la France ou de l'Espagne nord-orientale sans totalement exclure la côte anatolienne occidentale de la mer Égée. Des formes similaires ont été produites par les ateliers de Sainte-Barbe à Marseille dans les premières décennies du XIIIe siècle.",1150,1350,4,2021-09-17 12:51:07.630,236,NULL,2024-02-28 10:06:53.384
189,Glaçure alcaline peinte en vert ou turquoise / Khorassan,"Céramique en argile calcaire et glaçure opacifiée, généralement alcaline mais, d'après les analyses, à proportions possibles et variables de plomb et d'étain. Le décor en turquoise ou vert émeraude, complété de brun-noir ou violet, est posé en coulures, en poids, en lignes et points et, plus rarement en motifs. Les formes sont généralement ouvertes.",800,999,4,2023-05-17 12:05:10.142,136,NULL,2024-02-28 10:06:53.384
79,Kaolinitique à revêtements polychromes opaques / Byzance,"Céramiques tournées dans une pâte blanche kaolinitique, fine, sur laquelle les motifs sont peints en polychromie à l'aide de diverses glaçures plombifères riches en silice et colorées à l’oxyde de cuivre pour le vert et le bleu, plus rarement à l’oxyde de cobalt pour le bleu foncé, à l’oxyde de fer pour le jaune, l’orange et l’ambre ainsi que le noir, à l’oxyde de manganèse pour l’aubergine et le marron. Une glaçure plombifère incolore, appliquée en couche fine, apparaît dans les zones qui ne sont pas remplies par les glaçures colorées. Des engobes rose clair ou rouge profond complètent la palette de couleurs. Les contours noirs épais de certains décors sont tracés à l’aide d’un engobe teinté à l’oxyde de fer qui était sans doute destiné à contenir les aplats de glaçures colorées. Les glaçures vertes, en particulier celles des céramiques trouvées à Constantinople, sont plombifères, alcalines mais aussi alcalino-plombifères. Considérée comme une production constantinopolitaine, les analyses des pâtes de trois fragments de Polychrome Ware du Louvre montrent une composition identique à celle des tessons de Glazed White Wares I et II qui ont été attribués aux officines de la capitale. En plus d’ateliers constantinopolitains, il existait au moins un autre centre producteur à Preslav en Bulgarie en activité au plus tôt à la fin du Xe siècle. ",980,1120,5,2022-01-20 14:58:31.951,171,NULL,2024-02-28 10:06:53.384
172,Kaolinitique imprimée et/ou peinte glaçurée,"Vaisselle à pâte kaolinitique, blanche, douce, contenant parfois de petites inclusions rouges ou noires, elle est couverte d’une glaçure appliquée directement sur la pâte et dont la couleur varie selon les périodes. Au Xe siècle, les glaçures jaune citron au jaune ocre dominent ; plus tard, elles tirent davantage vers l’orange. Pour leur part, les glaçures vertes intenses deviennent, au XIe siècle, vert olive moucheté ou vert brunâtre. Cette céramique est tantôt ornée d’un décor estampé d’où son appellation d'Impressed White Ware, tantôt décorée de bandes peintes en brun de manganèse. Parfois les deux techniques sont employées simultanément sur un même objet.
Elle apparaît à la fin du IXe siècle, mais elle est vraiment abondante au Xe et se maintient jusqu'au début du XIIe siècle.
",880,1120,5,2023-02-23 13:34:50.103,76,Impressed White Ware; Spatter Painted Ware,2024-02-28 10:06:53.384
247,"Décors d'engobe / Aubagne, Saint-Zacharie","Production du bassin d'Aubagne et de Saint-Zacharie dans l'arrière-pays marseillais aux époques pré-industrielle et industrielle. La vaisselle est tournée en argile rouge, assez épurée et se décline en formes standardisées. Des décors sommaires en engobe blanc sont posés sur un engobe rouge et recouverts de glaçure transparente plombifère.",1700,1850,4,2024-02-21 11:14:17.269,21,NULL,2024-02-28 10:06:53.384
202,Peinte / Iznik,"Développement, à partir de la fin du règne de Mehmet II, d’une production de carreaux de parement et de vaisselle de table de grande qualité réalisée dans les ateliers implantés dans la ville d’Iznik. De grands plats à marli, des coupes de toutes tailles, des chopes, des pichets à couvercle, des  lampes  de mosquée et des chandeliers y étaient  tournés et moulés dans une pâte siliceuse contenant une grande quantité de fritte riche en plomb. Les décors peints à main levée mais aussi à l’aide de poncifs fournis par les dessinateurs de la cour étaient tracés sur un engobe siliceux et ensuite couverts d’une glaçure alcalino-plombifère, incolore et parfaitement translucide. Les nombreuses pièces d’Iznik conservées jusqu’à nos jours témoignent de l’extraordinaire  variété du répertoire décoratif et de la richesse de la palette chromatique de ces productions abondantes. À partir d’études stylistiques, de quelques dates et de marques dessinées au trait sur les carreaux ou au revers des plats, de textes comme des actes de dotation et enfin grâce aux dates de construction des édifices ornés de carreaux, les historiens de l’art distinguent  plusieurs phases dans la fabrication de cette céramique. Très prisées au XVIe siècle, la vaisselle d'Iznik a bénéficié d’un succès durable. Elle était l’objet d’un commerce dans tout le bassin méditerranéen et au-delà comme en attestent à la fois les collections conservées jusqu’à nos jours, les textes ainsi que les découvertes archéologiques terrestres et sous-marines en contexte d’utilisation ou de transport. ",1480,1719,5,2023-07-06 17:26:30.366,252,Céramique d'Iznik,2024-02-28 10:06:53.384
15,Peinte au manganèse / Albisola,"Production ligure en pâte très rouge et dense, recouverte de glaçure plombifère brune, teintée au manganèse, et rehaussée de bandes plus sombres de la même couleur. Elle est très diffusée dans le courant du XVIIIe siècle, sa production se prolonge dans le début du XIXe siècles. Le revers des assiettes, forme la plus fréquente, est caractéristique par les traces d'une finition au tournassage ou au raclage recouvertes d'une couche très fine de glaçure. Parmi les autres formes diffusées sont les coupes, les terrines à préhensions horizontales et des couvercles. Face au succès de cette production, beaucoup d'imitations sont faites par des ateliers du pourtour Méditerranéen.",1700,1800,1,2021-07-28 16:19:05.249,235,NULL,2024-02-28 10:06:53.384
22,"Glaçurées sur engobe / Aubagne, Saint-Zacharie","Production du bassin d'Aubagne et de Saint-Zacharie dans l'arrière-pays marseillais à l'époque pré-industrielle. La vaisselle est tournée en argile rouge, assez épurée et se décline en formes standardisées dans des gabarits correspondant à des ""nombres"" imprimés souvent en creux sur les bassins ou les pots de chambre. Au XVIIIe siècle des engobes blancs laissent encore apparaître des couleurs vertes et jaunes ou des glaçures posées sur engobe rouge donnent des couleurs brique ou brune. Les formes sont nommées dans des catalogues commerciaux dès la fin du XIXe siècle.",1750,1900,1,2021-07-29 08:35:17.588,25,NULL,2024-02-28 10:06:53.384
112,Glaçurée associée au Forum ware,"Des productions différentes regroupées par la présence d'un revêtement vitreux de couleur vert-brun ou olive, souvent irrégulier, épais par endroits, piqueté, associé parfois à un décor en relief (écailles rapportées, enfoncements, incisions). Les pâtes varient, la cuisson est oxydante ou aléatoire. La présence de ces productions dans le Sud de la France s'inscrit entre le IXe et le Xe - début XIe siècle.",800,1025,4,2022-08-25 16:03:46.387,135,"Vetrina pesante, Glaçurée de l'An Mil",2024-02-28 10:06:53.384
295,Kaolinitiques glaçurées avec ou sans engobe / Cavalon/Coulon - Avignon,"Regroupement des productions de l'époque moderne en argiles kaolinitiques dont les produits sont identifiés sur les sites de Vaucluse - le long du Cavalon, dans la plaine du Coulon et dans le sud de celle du Comtat jusqu'à Avignon. Les contextes de production connus sont rares (Avignon).
Ce groupe technique est caractérisé par des pâtes roses à rouge à nombreuses inclusions de couleur et dimensions variables. Les glaçures peuvent être posées sur un engobe claire mais sa présence n'est pas obligatoire. Outre la vaisselle culinaire, les mêmes ateliers fournissent de la céramique de table ou d'hygiène.
Dans les études plus anciennes, cette catégorie est régulièrement rapprochée au groupe d'Uzège.
",1400,1700,4,2024-11-07 13:07:15.805,141,NULL,2024-11-07 13:07:15.805
97,Peinte / incisée du Val de Durance,"Céramique en pâte calcaire, engobée, aux décors peints rayonnants ou concentriques, composés de lignes ou motifs en glaçure verte, brune, parfois jaune. Des lignes incisées droites, parfois ondulées, rarement en motifs, s'ajoutent parfois au décor. L'ensemble est recouvert de glaçure incolore ou jaune pâle. Les formes sont principalement ouvertes. A ce groupe sont associées des formes monochromes. Les découvertes archéologiques, les études des sources et les analyses élémentaires de pâte permettent d'attribuer cette catégorie aux ateliers de Manosque ou du Val de Durance.",1490,1550,4,2022-03-10 13:26:15.826,176,Peinte/incisée de Manosque ; groupe de Manosque,2024-02-28 10:06:53.384
281,"Peinte en vert, brun et jaune / Giroussens","Formes ouvertes en argile rouge à brun, à engobe clair et décor peint sous glaçure incolore ou jaunâtre. Elles sont produites au village du Giroussens dans le Tarn (81), du milieux du XVIIe jusqu'au milieux du XVIIIe siècle. Les décors géométriques, floraux, zoomorphes ou anthropomorphes sont tracés en brun et remplis de vert, de jaune, plus rarement de bleu ou violet. Des empreintes de sceaux peuvent être associés au décor sur le marli des assiettes. Des décors plus sommaires de lignes ondulées, spirales et points sont fréquents pour le XVIIIe siècle.",1650,1750,4,2024-06-03 12:30:03.257,176,Peinte de Giroussens,2024-06-03 12:30:03.257
284,Kaolinitiques fines glaçurées / pays d'Apt-Castellet,"Une production pré-industrielle qui utilise les argiles locales, principalement kaolinitiques, avec ou sans mélanges mais toujours après une épuration soigneuse. En résultat, les formes sont en argile très fine, généralement claire, beige, rosée ou blanche. Elles sont souvent moulées, chantournées et à décors en relief, recouvertes de glaçure plombifère dans les tons jaunes ou jaune-orngé. L'appellation de ""faïence fine"" est souvent associée à cette production, à tort, puisque les argiles utilisées ne peuvent pas être définies comme artificielles. ",1730,1900,4,2024-06-12 13:58:06.534,76,NULL,2024-06-12 13:58:06.534
286,Cuisson oxydante,"Argiles cuites en atmosphère oxydante. En absence de revêtement, la caractéristique la plus discriminatoire pour le regroupement des catégories reste la couleur des argiles et donc, leur atmosphère de cuisson.",NULL,NULL,4,2024-06-25 14:41:14.360,137,NULL,2024-06-25 14:41:14.360
96,Grise médiévale,"Regroupement pratiqué pour toutes les céramiques médiévales cuites en atmosphère réductrice et donc de couleurs brunes, grises à noires. Les techniques de façonnage et de cuisson sont héritées de l'Antiquité tardive et du Haut Moyen-Âge et perdurent au moins jusqu'au XIIIe siècle. Des catégories particulières correspondent aux différentes types de pâtes, à des particularités chronologiques ou régionales. ",400,1300,4,2022-02-25 14:55:38.768,287,Grise,2024-02-28 10:06:53.384
9,Rouge glaçurée médiévale,"Productions en argiles grossière, souvent sableuse, parfois micacée, de formes culinaires ou de table. Une glaçure plombifère, souvent irrégulière, recouvre l'ensemble ou parties des pièces. Ces productions se mettent en place avec l'acquisition du savoir-faire de la glaçure, en Provence et surtout en Languedoc. Elles semblent profiter des argiles utilisées par des ateliers existants qui pratiquaient la cuisson réductrice. Les formes glaçurées sont cuites généralement en atmosphère oxydante mais des traces de réductions témoignent d'une maîtrise irrégulière.",1225,1375,1,2021-07-28 14:23:00.463,135,NULL,2024-02-28 10:06:53.384
85,Brune tournassée languedocienne,"Essentiellement des formes culinaires à morphologie peu standardisée. Les argiles sont sableuses, variables de composition, de couleur beige, orangée à brune ou grisé après cuisson. Les formes sont modelées, parfois avec finissions à la tournette. Des pièces plus régulières d'apparence tournée sont possibles. Les pots prédominent, avec des fonds bombés, souvent des anses et des becs. La cuisson, principalement oxydante, peut laisser des nuances de réduction.",1150,1250,4,2022-02-11 15:29:26.328,137,"Sableuse tournassée du Languedoc, Sableuse culinaire du Languedoc, Brune sableuse modelée du Languedoc",2024-02-28 10:06:53.384
279,Grossière ou sableuse réductrice / Languedoc,"Céramique en pâtes grossières ou sableuses, plus ou moins granuleuses, tournée, cuite en atmosphère à dominance réductrice. Généralement grise, elle peut avoir des nuances rouges ou brunes en surface ou en cœur des parois. Les formes appartiennent à la vaisselle culinaire ou au service à liquides.",700,1400,4,2024-05-14 15:44:00.804,96,NULL,2024-05-14 15:44:00.804
143,Sableuse / Syrie,"Céramique culinaire à parois fines, vase à eau et lampes à pâte sableuse et cassante, riche en fer, de couleur rouge ou noir selon l'atmosphère de cuisson. Réalisée aux époque romaine, byzantine, omeyyade et abbasside en Syrie, dans plusieurs ateliers dont certains sont identifiés dans la région d'Antioche, autour d'Apamée et au nord-ouest de la Syrie.",NULL,NULL,5,2023-01-16 16:28:28.182,286,NULL,2024-02-28 10:06:53.384
1,Kaolinitique du groupe Uzège,"Productions de la deuxième moitié du XIIIe et du XIVe siècle, en pâtes kaolinitiques, glaçurées ou non, cuites en atmosphère oxydante, anciennement attribuées uniquement aux ateliers d’Uzège (Gard). De caractère réfractaire, ces productions ont fourni essentiellement des formes culinaires (marmites, pots, jattes) mais aussi de la vaisselle à liquides (cruches et pichets à bec tubulaire). Aux premiers temps de la production, des nuances grisées sont fréquentas, la glaçure est souvent partielle. Elle est plus régulière et couvrante par la suite, posée à l'intérieur des marmites et des jattes et à l'extérieur des formes à liquides.
Les mêmes formes réalisées avec le même savoir-faire sont produites dans d’autres ateliers, certains identifiés par des fouilles archéologiques comme ceux de Beaucaire (Gard) ou de La Martre (Var).",1250,1450,1,2021-07-27 17:50:35.753,76,NULL,2024-02-28 10:06:53.384
13,"Emaillée, décor bleu et/ou lustre / Espagne","Formes en argile calcaire, de couleur rosée à beige, à revêtement d'émail blanc et décor en bleu de cobalt et/ou lustre métallique. Origine des centres potiers autour de Valence.",1350,1550,1,2021-07-28 16:03:06.337,184,"faïence de Valence, faïence espagnole",2024-02-28 10:06:53.384
288,Marmites modelées / Languedoc,"Production essentiellement de marmites, modelée en argile riche en dégraissant et micacée. Une série de cordons pincés oblique ou verticaux sont posés sur les cols, les fonds sont bombés. En contexte de production, elle accompagnent des formes tournées, glaçurées, parfois sur engobe. Leur diffusion semble fréquente en Languedoc occidental.",1450,1550,4,2024-06-25 16:43:13.182,147,NULL,2024-06-25 16:43:13.182
300,"Glaçurée sur engobe, époque pré-industrielle","Productions manufacturées en grandes séries et standardisées d’une officine à l’autre. Les formes sont en argiles épurées, généralement à glaçures brillantes, parfois sur engobe. Il est donc impossible de les attribuer à une officine particulière.",1800,1900,4,2024-11-10 01:49:36.305,280,NULL,2024-11-10 01:49:36.305
306,Modelée / Turquie,"Céramique culinaire modelée à pâte grossière de couleur gris clair, brune ou noire, contenant des paillettes de mica et de gros grains de quartz. Parfois un engobe micacé de couleur beige est appliqué sur les surfaces interne et externe. ",1700,1800,5,2025-01-17 13:39:04.051,147,NULL,2025-01-17 13:39:04.051
2,Kaolinitique / Ollières-Val de Trets,"Production en argile kaolinitique ferrugineuse à inclusions de couleurs et tailles variables, glaçurée, avec ou sans engobe et cuite en atmosphère oxydante.
Une activité potière est identifiée à Ollières (Var) par les sources écrites ou l'archéologie, entre la fin du XIIe et le XVIe siècle. Par la suite, elle se déplace entre le bassin de Saint-Maximin et le val de Trets. Les ateliers puisent ou s'approvisionnent en ces argiles kaolinitiques pour produire tant de la vaisselle culinaire que de la vaisselle de table.",1300,1800,1,2021-07-28 09:18:53.188,76,NULL,2024-02-28 10:06:53.384
30,Kaolinitiques glaçurées sur engobe / Vallauris,"Formes principalement à fonction culinaire, façonnées dans une argile kaolinitique assez grossière. Les exemples les plus anciens sont généralement attribués à la zone de production de Biot-Vallauris ou plus largement à la Provence Orientale. Les ateliers de Vallauris sont particulièrement actifs au XVIIIe et XIXe s. A partir du milieu du XVIIIe siècle de l'engobe est posé sous la glaçure. Des décors d'engobe apparaissent à partir du XIXe siècle. Les objets sont marqués (marques imprimées en creux) à partir de la fin du XIXe s.",1600,1940,1,2021-07-29 09:08:13.839,141,"Biot-Vallauris, Culinaire de Biot-Vallauris",2024-02-28 10:06:53.384
305,Calcaire réductrice médiévale / Provence,"Céramique en pâte calcaire, généralement fine, parfois avec inclusions, tournée, cuite en atmosphère réductrice.",900,1300,4,2024-11-14 22:36:05.608,96,NULL,2024-11-14 22:36:05.608
307,Faïence de Delft,"Vaisselle émaillée sur pâte argileuse, beige, fine et tendre. Le décor d'inspiration chinoise est le plus souvent tracé en bleu de cobalt. Il existe aussi une faïence en polychromie de grand feu très colorée de type Boeren Delftsch ou Delft paysan datée vers 1730-1740 et caractérisé par une palette chromatique vive.",1600,1800,5,2025-01-17 16:26:16.900,10,NULL,2025-01-17 16:26:16.900
310,Peinte en vert et brun / Cox-Lomagne,"Céramique en argile plutôt claire, à revêtement d'engobe et glaçure plombifère, à décors souvent végétaux exécutés en traits de brun et aplats de vert, parfois de bleu. Cette production rencontre un succès assez large entre la fin du XVIe et la fin du XVIIe siècle quand les ateliers du Giroussens dans le Tarn imposent leur production.",1550,1700,4,2025-02-24 20:00:13.328,176,Verte et brune du Sud-Ouest,2025-02-24 20:00:13.328
302,"Argiles épurées, époque pré-industrielle",Productions manufacturées en grandes séries et standardisées d’une officine à l’autre. Les formes sont en argiles très fines et bien épurées. Il est donc impossible de les attribuer à une officine particulière. Une des formes récurrentes pour cette catégorie est le pot à fleurs.,1800,1900,4,2024-11-11 19:54:18.164,286,NULL,2024-11-11 19:54:18.164
